{"stats":{"minecraft:custom":{"minecraft:jump":10,"minecraft:time_since_rest":4251,"minecraft:sprint_one_cm":1411,"minecraft:leave_game":3,"minecraft:play_time":4251,"minecraft:walk_on_water_one_cm":282,"minecraft:time_since_death":4251,"minecraft:walk_one_cm":1828,"minecraft:sneak_time":267,"minecraft:total_world_time":4251,"minecraft:drop":1,"minecraft:fly_one_cm":55695},"minecraft:used":{"minecraft:dirt":29,"minecraft:grass_block":38},"minecraft:dropped":{"minecraft:dirt":1}},"DataVersion":3465}